quantile_label,nominal_quantile,observed_coverage,coverage_gap
q50,0.5,0.5544261602385032,0.05442616023850322
q90,0.9,0.8999507030681472,-4.929693185284911e-05
q95,0.95,0.9459376980680297,-0.004062301931970214
